no;female;male;foreign_born;age;education;real_wage;ln_real_wage
1;0;1;1;52;high.school;8.499999859;2.140066147
2;1;0;1;46;high.school;NA;NA
3;1;0;1;31;high.school;12.17999922;2.499795198
4;0;1;1;35;high.school;15.00000075;2.708050251
5;0;1;0;19;high.school;8.000000046;2.079441547
6;1;0;1;50;LTHS;NA;NA
7;0;1;1;33;LTHS;10.00000032;2.302585125
8;0;1;1;43;high.school;NA;NA
9;1;0;1;39;high.school;20.68999913;3.02965045
10;0;1;0;22;some.college;11.0000007;2.397895336
11;0;1;0;28;college;NA;NA
12;1;0;1;31;college;33.15000418;3.501042843
13;1;0;1;30;college;33.15000418;3.501042843
14;1;0;0;20;some.college;8.250000655;2.11021328
15;0;1;1;63;high.school;16.74999965;2.818398237
16;0;1;0;26;some.college;11.52499974;2.444518566
17;0;1;0;23;some.college;16.79000242;2.820783615
18;0;1;1;20;high.school;NA;NA
19;0;1;1;55;high.school;44.39000307;3.793014288
20;1;0;1;46;LTHS;14.00000096;2.639057398
21;0;1;1;39;high.school;NA;NA
22;1;0;1;38;high.school;12.00000028;2.484906673
23;1;0;1;41;some.college;25.50000008;3.238678455
24;1;0;0;21;some.college;8.250000655;2.11021328
25;0;1;1;23;some.college;NA;NA
26;1;0;0;30;some.college;15.00000075;2.708050251
27;1;0;0;41;some.college;12.99999892;2.564949274
28;0;1;0;19;high.school;9.000000357;2.197224617
29;0;1;0;39;college;24.0382486;3.179646254
30;1;0;0;40;advanced.degree;28.84600125;3.361971378
31;1;0;0;19;high.school;8.250000655;2.11021328
32;1;0;1;23;some.college;11.0000007;2.397895336
33;1;0;1;51;LTHS;14.00000096;2.639057398
34;0;1;1;49;college;37.99999837;3.637586117
35;1;0;0;47;high.school;18.99999915;2.944438934
36;0;1;0;24;high.school;14.00000096;2.639057398
37;1;0;1;47;high.school;7.50000036;2.014903069
38;1;0;0;19;high.school;7.250000199;1.981001496
39;0;1;1;42;advanced.degree;80.479991;4.388008595
40;0;1;1;31;high.school;NA;NA
41;1;0;1;49;some.college;NA;NA
42;1;0;0;21;some.college;11.12999957;2.409644127
43;1;0;1;45;LTHS;11.0000007;2.397895336
44;0;1;1;23;LTHS;10.00000032;2.302585125
45;0;1;1;25;LTHS;15.00000075;2.708050251
46;1;0;0;36;high.school;15.00000075;2.708050251
47;0;1;0;44;advanced.degree;NA;NA
48;1;0;1;39;LTHS;14.00000096;2.639057398
49;0;1;1;38;LTHS;21.5299993;3.069447279
50;0;1;1;33;high.school;12.55999925;2.530517101
51;1;0;1;33;high.school;12.17999922;2.499795198
52;1;0;0;39;high.school;16.99999975;2.833213329
53;0;1;1;36;high.school;21.5299993;3.069447279
54;1;0;1;45;high.school;8.000000046;2.079441547
55;0;1;1;33;some.college;14.1999987;2.653241873
56;0;1;1;38;high.school;10.00000032;2.302585125
57;0;1;1;46;high.school;NA;NA
58;0;1;0;36;high.school;15.00000075;2.708050251
59;1;0;1;39;high.school;10.00000032;2.302585125
60;0;1;1;47;high.school;NA;NA
61;0;1;0;28;high.school;35.49999774;3.569532633
62;0;1;0;51;some.college;19.72000149;2.981633425
63;0;1;0;53;LTHS;22.00000144;3.091042519
64;0;1;1;48;high.school;12.99999892;2.564949274
65;0;1;0;33;advanced.degree;48.07680678;3.872799873
66;1;0;1;32;high.school;9.000000357;2.197224617
67;0;1;1;31;LTHS;19.23074968;2.956510544
68;0;1;1;31;high.school;15.09999992;2.714694738
69;0;1;1;34;LTHS;12.00000028;2.484906673
70;0;1;1;54;LTHS;10.50000088;2.351375341
71;0;1;1;34;high.school;11.25000074;2.420368195
72;1;0;1;27;LTHS;8.000000046;2.079441547
73;0;1;1;61;LTHS;10.50000088;2.351375341
74;1;0;1;61;high.school;9.249998984;2.224623442
75;1;0;0;30;some.college;18.00000075;2.890371799
76;0;1;1;41;LTHS;8.000000046;2.079441547
77;1;0;1;43;LTHS;8.75000081;2.169053793
78;0;1;1;22;college;12.00000028;2.484906673
79;1;0;0;31;high.school;11.75000139;2.463853359
80;0;1;0;29;some.college;10.00000032;2.302585125
81;0;1;1;39;LTHS;16.00000012;2.77258873
82;1;0;1;44;high.school;20.00000068;2.995732307
83;0;1;1;39;high.school;15.00000075;2.708050251
84;0;1;1;43;high.school;10.00000032;2.302585125
85;0;1;1;70;LTHS;13.94999919;2.63547945
86;0;1;0;52;college;33.65374986;3.516124487
87;1;0;1;50;high.school;9.615248736;2.263350248
88;1;0;0;21;some.college;9.499999556;2.251291752
89;1;0;0;18;LTHS;8.250000655;2.11021328
90;0;1;1;41;advanced.degree;48.07680678;3.872799873
91;0;1;1;42;LTHS;12.98075015;2.563467503
92;0;1;0;42;college;34.61520121;3.544292927
93;0;1;1;41;advanced.degree;38.45000205;3.649358749
94;0;1;0;42;high.school;NA;NA
95;1;0;0;42;some.college;8.000000046;2.079441547
96;0;1;0;41;college;45.67299552;3.821507215
97;1;0;0;46;college;19.7114981;2.981202126
98;0;1;0;48;some.college;16.50000134;2.803360462
99;0;1;0;29;some.college;16.99999975;2.833213329
100;1;0;1;42;high.school;10.50000088;2.351375341
101;1;0;0;20;some.college;10.52083225;2.353357315
102;1;0;0;45;some.college;20.00000068;2.995732307
103;0;1;0;51;high.school;35.00000337;3.555348158
104;0;1;1;32;LTHS;6.99999963;1.945910096
105;0;1;0;39;some.college;16.34600003;2.793983221
106;1;0;0;54;high.school;19.23074968;2.956510544
107;0;1;1;34;high.school;NA;NA
108;1;0;1;28;high.school;8.250000655;2.11021328
109;1;0;1;36;LTHS;5.400000159;1.686398983
110;0;1;1;43;college;16.82500147;2.822865963
111;1;0;1;64;high.school;12.99999892;2.564949274
112;1;0;1;35;some.college;8.499999859;2.140066147
113;1;0;0;31;advanced.degree;22.50000153;3.113515377
114;0;1;1;50;some.college;15.00000075;2.708050251
115;1;0;0;57;high.school;15.49999898;2.740839958
116;0;1;0;39;some.college;8.250000655;2.11021328
117;0;1;0;37;LTHS;12.51162904;2.526658535
118;1;0;1;58;LTHS;8.000000046;2.079441547
119;1;0;1;55;LTHS;NA;NA
120;1;0;1;39;high.school;8.250000655;2.11021328
121;0;1;1;39;high.school;10.00000032;2.302585125
122;0;1;1;32;high.school;20.00000068;2.995732307
123;1;0;0;25;college;13.26899862;2.585430384
124;1;0;0;25;some.college;9.000000357;2.197224617
125;0;1;1;36;college;34.26563548;3.534142971
126;0;1;1;21;college;19.23072676;2.956509352
127;1;0;0;24;college;17.9486658;2.887515783
128;0;1;1;60;LTHS;12.00000028;2.484906673
129;0;1;1;26;college;8.75000081;2.169053793
130;1;0;1;27;high.school;7.50000036;2.014903069
131;1;0;1;49;advanced.degree;NA;NA
132;1;0;0;17;LTHS;15.00000075;2.708050251
133;0;1;1;54;LTHS;9.000000357;2.197224617
134;1;0;1;56;LTHS;9.230499821;2.222513199
135;1;0;1;28;some.college;4.849999771;1.578978658
136;0;1;1;57;LTHS;8.250000655;2.11021328
137;0;1;0;26;LTHS;15.00000075;2.708050251
138;1;0;1;45;some.college;12.00000028;2.484906673
139;0;1;1;45;LTHS;NA;NA
140;0;1;0;37;college;28.84600125;3.361971378
141;0;1;0;28;some.college;15.37499958;2.732742786
142;0;1;1;39;some.college;25.0000015;3.218875885
143;1;0;1;42;some.college;9.885714417;2.291090727
144;0;1;1;26;LTHS;12.99999892;2.564949274
145;0;1;1;54;LTHS;9.000000357;2.197224617
146;0;1;0;43;high.school;37.50000293;3.624341011
147;0;1;0;18;high.school;8.499999859;2.140066147
148;0;1;0;22;LTHS;6.99999963;1.945910096
149;0;1;0;46;some.college;18.00000075;2.890371799
150;1;0;0;71;college;18.00000075;2.890371799
151;0;1;0;50;high.school;21.63450128;3.074289322
152;1;0;1;42;high.school;12.00000028;2.484906673
153;1;0;0;22;some.college;12.82033144;2.551032305
154;0;1;0;20;some.college;9.000000357;2.197224617
155;0;1;0;33;high.school;41.52000288;3.726175308
156;0;1;1;40;LTHS;23.00000037;3.135494232
157;1;0;0;32;high.school;7.50000036;2.014903069
158;0;1;0;30;some.college;50.0000031;3.912023067
159;0;1;1;35;LTHS;16.99999975;2.833213329
160;1;0;0;71;high.school;14.37500058;2.665490627
161;1;0;1;29;some.college;12.00000028;2.484906673
162;0;1;1;24;high.school;8.333333669;2.120263577
163;0;1;0;29;some.college;26.0599978;3.260401487
164;1;0;1;26;LTHS;8.250000655;2.11021328
165;0;1;1;33;LTHS;9.375000696;2.238046646
166;0;1;1;34;LTHS;8.699999129;2.163322926
167;0;1;1;67;LTHS;12.01900106;2.486488819
168;0;1;0;22;high.school;12.50000073;2.525728703
169;0;1;0;40;some.college;17.30749741;2.851139784
170;1;0;0;26;college;38.45000205;3.649358749
171;1;0;1;36;college;NA;NA
172;0;1;1;47;high.school;NA;NA
173;1;0;1;69;some.college;12.50000073;2.525728703
174;0;1;1;37;LTHS;10.00000032;2.302585125
175;1;0;0;26;some.college;17.09999936;2.839078426
176;0;1;0;26;some.college;21.95000331;3.08876729
177;1;0;0;32;advanced.degree;9.230601055;2.222524166
178;0;1;1;45;high.school;15.00000075;2.708050251
179;0;1;1;45;LTHS;28.05000097;3.333988667
180;0;1;0;22;high.school;12.99999892;2.564949274
181;1;0;0;26;college;12.00000028;2.484906673
182;0;1;1;55;some.college;16.82675053;2.822969913
183;1;0;1;51;some.college;17.50000165;2.862200975
184;0;1;0;31;advanced.degree;16.48342825;2.802355528
185;0;1;0;33;some.college;25.0000015;3.218875885
186;0;1;1;41;high.school;18.99999915;2.944438934
187;1;0;1;37;high.school;12.00000028;2.484906673
188;0;1;1;44;high.school;12.50000073;2.525728703
189;0;1;0;34;high.school;18.90000177;2.939162016
190;1;0;0;34;high.school;10.00000032;2.302585125
191;0;1;1;31;high.school;15.00000075;2.708050251
192;0;1;1;22;high.school;15.00000075;2.708050251
193;1;0;0;50;LTHS;7.349999996;1.994700313
194;0;1;1;60;high.school;10.00000032;2.302585125
195;1;0;1;21;some.college;12.99999892;2.564949274
196;0;1;1;38;high.school;8.250000655;2.11021328
197;0;1;1;43;some.college;40.00000143;3.68887949
198;0;1;0;33;high.school;21.63450128;3.074289322
199;0;1;0;21;high.school;8.499999859;2.140066147
200;1;0;0;18;LTHS;7.50000036;2.014903069
201;0;1;0;45;college;NA;NA
202;0;1;1;30;LTHS;23.55749653;3.159444094
203;1;0;0;21;some.college;11.0000007;2.397895336
204;0;1;1;51;LTHS;10.00000032;2.302585125
205;0;1;1;22;LTHS;9.599999975;2.261763096
206;0;1;1;48;LTHS;9.499999556;2.251291752
207;0;1;1;19;LTHS;7.250000199;1.981001496
208;0;1;1;41;LTHS;12.00000028;2.484906673
209;1;0;1;40;LTHS;8.000000046;2.079441547
210;0;1;1;26;advanced.degree;10.00000032;2.302585125
211;1;0;1;23;high.school;16.00000012;2.77258873
212;1;0;1;27;advanced.degree;27.11000038;3.299902678
213;0;1;0;29;high.school;9.499999556;2.251291752
214;0;1;1;34;high.school;9.499999556;2.251291752
215;0;1;1;61;LTHS;9.000000357;2.197224617
216;0;1;1;27;some.college;15.00000075;2.708050251
217;0;1;1;21;LTHS;14.00000096;2.639057398
218;0;1;0;33;some.college;15.00000075;2.708050251
219;0;1;1;39;LTHS;14.00000096;2.639057398
220;1;0;0;41;LTHS;11.0000007;2.397895336
221;0;1;1;85;LTHS;8.499999859;2.140066147
222;0;1;1;18;LTHS;8.250000655;2.11021328
223;1;0;1;22;high.school;8.250000655;2.11021328
224;1;0;1;40;high.school;9.499999556;2.251291752
225;0;1;1;50;high.school;12.99999892;2.564949274
226;1;0;0;35;college;30.00000155;3.401197433
227;1;0;1;52;advanced.degree;NA;NA
228;0;1;1;35;high.school;22.00000144;3.091042519
229;1;0;1;22;high.school;15.00000075;2.708050251
230;0;1;1;39;LTHS;24.34999938;3.192531824
231;0;1;1;29;high.school;9.000000357;2.197224617
232;1;0;1;21;some.college;10.00000032;2.302585125
233;0;1;1;54;high.school;12.99999892;2.564949274
234;1;0;1;27;high.school;10.00000032;2.302585125
235;0;1;1;23;high.school;10.00000032;2.302585125
236;1;0;1;30;some.college;44.00000296;3.784189701
237;0;1;1;31;high.school;NA;NA
238;0;1;1;20;LTHS;7.50000036;2.014903069
239;1;0;1;52;high.school;11.0000007;2.397895336
240;0;1;0;33;some.college;32.0000003;3.465735912
241;0;1;0;29;high.school;14.00000096;2.639057398
242;1;0;1;40;high.school;9.000000357;2.197224617
243;1;0;1;18;high.school;4.50000017;1.504077435
244;0;1;1;55;high.school;10.00000032;2.302585125
245;0;1;1;45;high.school;9.000000357;2.197224617
246;1;0;1;27;high.school;8.250000655;2.11021328
247;0;1;1;27;high.school;8.250000655;2.11021328
248;1;0;1;21;high.school;8.250000655;2.11021328
249;0;1;1;57;some.college;27.2799984;3.306153774
250;1;0;1;48;college;13.9422519;2.634923935
251;0;1;1;45;some.college;10.57674873;2.358658075
252;0;1;1;43;college;42.30760027;3.744966745
253;1;0;0;35;some.college;43.2500045;3.766997337
254;0;1;0;32;high.school;21.00000181;3.044522524
255;0;1;0;40;some.college;67.06665972;4.205687046
256;1;0;0;28;college;7.250000199;1.981001496
257;1;0;1;40;advanced.degree;52.44999948;3.959860325
258;1;0;1;40;high.school;12.00000028;2.484906673
259;0;1;0;26;some.college;12.99999892;2.564949274
260;0;1;1;26;college;9.000000357;2.197224617
261;1;0;1;45;high.school;12.00000028;2.484906673
262;0;1;1;49;LTHS;7.916666363;2.068970203
263;0;1;0;24;LTHS;10.00000032;2.302585125
264;0;1;0;23;high.school;8.75000081;2.169053793
265;0;1;1;30;high.school;6.00000013;1.791759491
266;0;1;1;49;LTHS;8.250000655;2.11021328
267;0;1;0;20;some.college;8.250000655;2.11021328
268;0;1;0;35;college;15.00000075;2.708050251
269;0;1;1;28;some.college;11.0000007;2.397895336
270;1;0;1;39;high.school;8.499999859;2.140066147
271;0;1;0;43;some.college;33.84599863;3.521820784
272;1;0;1;61;some.college;11.0000007;2.397895336
273;1;0;1;27;college;20.00000068;2.995732307
274;1;0;1;52;college;10.30000131;2.332144022
275;1;0;1;24;some.college;14.00000096;2.639057398
276;0;1;1;34;high.school;8.250000655;2.11021328
277;1;0;1;29;LTHS;9.000000357;2.197224617
278;0;1;1;27;college;10.00000032;2.302585125
279;1;0;1;34;college;NA;NA
280;0;1;0;28;high.school;8.250000655;2.11021328
281;1;0;0;24;high.school;2.579999928;0.947789371
282;0;1;1;40;LTHS;NA;NA
283;0;1;1;48;LTHS;5.759999926;1.750937462
284;0;1;1;33;high.school;18.00000075;2.890371799
285;1;0;0;42;college;25.0000015;3.218875885
286;0;1;0;23;college;13.70000062;2.617395878
287;1;0;0;16;LTHS;8.499999859;2.140066147
288;0;1;1;47;some.college;21.62500221;3.073850155
289;1;0;1;45;high.school;8.499999859;2.140066147
290;1;0;0;21;high.school;9.000000357;2.197224617
291;0;1;1;32;some.college;11.0000007;2.397895336
292;0;1;1;68;high.school;8.250000655;2.11021328
293;1;0;1;28;high.school;12.50000073;2.525728703
294;1;0;1;40;high.school;15.00000075;2.708050251
295;1;0;0;36;some.college;20.00000068;2.995732307
296;1;0;0;25;some.college;18.99999915;2.944438934
297;0;1;0;41;some.college;32.20000169;3.471966505
298;1;0;0;24;some.college;8.000000046;2.079441547
299;1;0;1;44;LTHS;10.00000032;2.302585125
300;1;0;0;59;high.school;8.250000655;2.11021328
301;1;0;0;49;some.college;24.00000061;3.178053856
302;0;1;1;32;some.college;19.23074968;2.956510544
303;1;0;0;32;high.school;10.00000032;2.302585125
304;1;0;0;29;high.school;14.00000096;2.639057398
305;1;0;1;60;some.college;8.430000547;2.131796837
306;1;0;1;25;high.school;8.75000081;2.169053793
307;0;1;1;23;LTHS;7.749999476;2.047692776
308;1;0;1;23;high.school;10.00000032;2.302585125
309;0;1;1;31;LTHS;10.00000032;2.302585125
310;1;0;1;32;LTHS;10.00000032;2.302585125
311;1;0;1;35;LTHS;11.53846069;2.445685863
312;0;1;1;43;LTHS;10.00000032;2.302585125
313;0;1;0;17;LTHS;8.250000655;2.11021328
314;0;1;1;36;high.school;8.300000058;2.116255522
315;0;1;1;56;LTHS;16.00000012;2.77258873
316;0;1;1;28;LTHS;12.00000028;2.484906673
317;0;1;1;30;LTHS;9.000000357;2.197224617
318;0;1;0;33;advanced.degree;NA;NA
319;1;0;0;40;advanced.degree;26.29411851;3.269345284
320;0;1;1;53;LTHS;10.00000032;2.302585125
321;1;0;1;44;LTHS;9.000000357;2.197224617
322;1;0;0;52;some.college;30.00000155;3.401197433
323;1;0;0;24;some.college;8.800000326;2.174751759
324;1;0;0;22;some.college;2.249999947;0.810930192
325;0;1;1;37;LTHS;9.249998984;2.224623442
326;0;1;0;58;LTHS;10.00000032;2.302585125
327;1;0;1;46;college;13.50000078;2.602689743
328;1;0;1;24;some.college;8.250000655;2.11021328
329;1;0;1;22;some.college;8.250000655;2.11021328
330;1;0;1;48;high.school;8.499999859;2.140066147
331;0;1;1;52;high.school;10.00000032;2.302585125
332;0;1;0;21;some.college;12.50000073;2.525728703
333;0;1;0;20;some.college;10.00000032;2.302585125
334;0;1;0;28;high.school;15.00000075;2.708050251
335;0;1;1;31;advanced.degree;39.42299628;3.674349308
336;1;0;0;29;advanced.degree;24.0382486;3.179646254
337;1;0;1;57;college;9.499999556;2.251291752
338;1;0;0;56;LTHS;15.00000075;2.708050251
339;1;0;0;34;LTHS;12.50000073;2.525728703
340;1;0;1;39;some.college;12.50000073;2.525728703
341;0;1;1;40;high.school;NA;NA
342;1;0;0;42;some.college;17.29999719;2.850706339
343;0;1;1;36;high.school;42.50000057;3.749504089
344;1;0;1;47;some.college;NA;NA
345;1;0;1;37;college;14.4230006;2.668824196
346;0;1;0;32;advanced.degree;31.2500027;3.442019463
347;0;1;1;45;LTHS;30.00000155;3.401197433
348;0;1;0;18;LTHS;7.250000199;1.981001496
349;0;1;0;46;college;28.83333581;3.361532211
350;1;0;0;27;advanced.degree;18.99999915;2.944438934
351;0;1;1;32;LTHS;12.99999892;2.564949274
352;0;1;1;42;college;12.99999892;2.564949274
353;0;1;1;53;LTHS;12.50000073;2.525728703
354;1;0;1;47;college;16.00000012;2.77258873
355;1;0;0;24;college;9.000000357;2.197224617
356;1;0;1;47;college;14.44999908;2.670694351
357;1;0;0;19;LTHS;8.499999859;2.140066147
358;0;1;0;18;LTHS;8.499999859;2.140066147
359;1;0;1;33;high.school;9.000000357;2.197224617
360;0;1;1;38;high.school;21.20000317;3.054001331
361;1;0;0;30;high.school;18.69000273;2.927988768
362;1;0;0;23;some.college;18.00000075;2.890371799
363;0;1;0;28;college;28.82499837;3.36124301
364;1;0;0;51;some.college;6.944444782;1.937942028
365;0;1;0;22;high.school;10.00000032;2.302585125
366;1;0;0;31;high.school;9.73000059;2.275213957
367;0;1;1;71;some.college;15.14999818;2.718000412
368;0;1;1;39;LTHS;8.250000655;2.11021328
369;1;0;1;24;LTHS;8.75000081;2.169053793
370;1;0;0;21;some.college;8.499999859;2.140066147
371;0;1;1;48;high.school;15.00000075;2.708050251
372;0;1;1;41;some.college;31.73066289;3.457283497
373;0;1;0;44;high.school;14.75000131;2.691243172
374;1;0;0;40;some.college;17.50000165;2.862200975
375;0;1;0;54;college;50.17499793;3.915516853
376;0;1;0;21;high.school;9.249998984;2.224623442
377;0;1;0;85;some.college;11.0000007;2.397895336
378;0;1;0;25;college;22.00000144;3.091042519
379;1;0;0;31;LTHS;15.00000075;2.708050251
380;0;1;0;32;LTHS;6.66666676;1.897119999
381;0;1;1;29;high.school;16.99999975;2.833213329
382;0;1;0;38;college;61.90767777;4.125644207
383;0;1;0;31;LTHS;NA;NA
384;1;0;0;31;LTHS;8.250000655;2.11021328
385;0;1;0;41;high.school;18.00000075;2.890371799
386;0;1;1;30;high.school;31.79999775;3.459466219
387;0;1;1;34;high.school;31.79999775;3.459466219
388;0;1;1;22;high.school;10.00000032;2.302585125
389;0;1;0;27;some.college;15.00000075;2.708050251
390;0;1;0;31;high.school;19.84999991;2.988204002
391;1;0;1;78;some.college;15.85000042;2.763169527
392;1;0;0;21;some.college;8.75000081;2.169053793
393;0;1;1;41;high.school;6.99999963;1.945910096
394;0;1;1;32;high.school;6.99999963;1.945910096
395;1;0;1;45;LTHS;12.00000028;2.484906673
396;0;1;1;25;some.college;8.000000046;2.079441547
397;1;0;0;21;some.college;13.24999915;2.583997488
398;0;1;1;53;LTHS;7.250000199;1.981001496
399;1;0;1;44;LTHS;8.499999859;2.140066147
400;1;0;0;29;high.school;2.890000074;1.061256528
401;0;1;1;58;high.school;20.17499815;3.004444122
402;1;0;0;64;high.school;13.80000008;2.624668598
403;1;0;1;43;LTHS;7.150000467;1.967112422
404;1;0;1;22;LTHS;9.350000138;2.235376358
405;1;0;0;27;some.college;5.750000072;1.749199867
406;0;1;0;26;college;22.00000144;3.091042519
407;1;0;0;56;some.college;18.5199983;2.918851137
408;1;0;0;30;advanced.degree;12.50000073;2.525728703
409;0;1;0;31;some.college;23.93155401;3.17519784
410;0;1;1;44;LTHS;18.00000075;2.890371799
411;1;0;1;44;LTHS;9.090000984;2.207175016
412;1;0;0;20;high.school;11.0000007;2.397895336
413;0;1;0;19;high.school;8.75000081;2.169053793
414;0;1;1;50;LTHS;14.83999919;2.697326183
415;0;1;0;35;LTHS;14.83999919;2.697326183
416;0;1;0;53;high.school;NA;NA
417;0;1;0;26;high.school;31.2500027;3.442019463
418;1;0;0;46;high.school;9.000000357;2.197224617
419;1;0;0;23;some.college;15.00000075;2.708050251
420;0;1;0;44;some.college;34.61525072;3.544294357
421;0;1;0;20;some.college;10.00000032;2.302585125
422;0;1;1;43;high.school;18.00000075;2.890371799
423;0;1;0;24;high.school;10.00000032;2.302585125
424;1;0;0;45;college;19.70000157;2.980618715
425;0;1;0;43;college;100.5999914;4.611152172
426;1;0;0;33;high.school;5.750000072;1.749199867
427;0;1;1;31;LTHS;8.000000046;2.079441547
428;0;1;0;50;college;22.00000144;3.091042519
429;0;1;0;39;some.college;13.88888959;2.631089211
430;1;0;1;55;LTHS;10.75000075;2.374905825
431;1;0;1;39;high.school;10.50000088;2.351375341
432;0;1;1;32;LTHS;10.00000032;2.302585125
433;0;1;1;35;some.college;24.0382486;3.179646254
434;1;0;1;55;high.school;15.00000075;2.708050251
435;0;1;0;44;some.college;16.29000002;2.790551424
436;1;0;1;33;high.school;12.00000028;2.484906673
437;1;0;0;47;some.college;25.64099916;3.2441926
438;1;0;0;22;some.college;8.000000046;2.079441547
439;1;0;0;23;some.college;7.949999407;2.073171854
440;0;1;0;22;some.college;11.0000007;2.397895336
441;1;0;1;29;high.school;14.00000096;2.639057398
442;0;1;1;28;high.school;9.000000357;2.197224617
443;0;1;0;55;high.school;38.95000461;3.662278891
444;1;0;1;32;LTHS;8.250000655;2.11021328
445;1;0;1;51;advanced.degree;46.15277558;3.831957102
446;0;1;0;25;some.college;14.4999987;2.67414856
447;0;1;0;42;LTHS;6.976744255;1.942582369
448;1;0;1;43;high.school;8.250000655;2.11021328
449;1;0;0;19;some.college;12.00000028;2.484906673
450;0;1;0;42;high.school;22.00000144;3.091042519
451;0;1;0;43;high.school;11.0000007;2.397895336
452;1;0;0;24;some.college;8.510000721;2.141242027
453;0;1;1;44;high.school;12.00000028;2.484906673
454;1;0;1;41;some.college;8.75000081;2.169053793
455;1;0;1;41;LTHS;9.499999556;2.251291752
456;0;1;1;57;LTHS;11.50000016;2.44234705
457;0;1;1;46;LTHS;16.99999975;2.833213329
458;1;0;1;49;LTHS;14.00000096;2.639057398
459;1;0;0;19;high.school;8.250000655;2.11021328
460;0;1;0;18;high.school;8.250000655;2.11021328
461;0;1;1;49;high.school;28.84600125;3.361971378
462;0;1;0;27;advanced.degree;NA;NA
463;1;0;0;31;high.school;14.4999987;2.67414856
464;0;1;0;35;high.school;19.24999783;2.957510948
465;0;1;1;34;LTHS;10.00000032;2.302585125
466;0;1;1;30;LTHS;8.250000655;2.11021328
467;1;0;0;44;some.college;19.23074968;2.956510544
468;0;1;0;25;high.school;14.4230006;2.668824196
469;1;0;0;56;high.school;27.87499858;3.327730179
470;0;1;0;56;high.school;8.850000696;2.180417538
471;0;1;0;22;high.school;8.499999859;2.140066147
472;0;1;0;46;some.college;43.26900264;3.767436504
473;1;0;0;42;some.college;24.0382486;3.179646254
474;0;1;1;27;high.school;16.50000134;2.803360462
475;0;1;1;27;high.school;16.50000134;2.803360462
476;0;1;0;31;some.college;10.50000088;2.351375341
477;0;1;1;47;college;NA;NA
478;0;1;0;26;high.school;15.00000075;2.708050251
479;1;0;0;40;some.college;12.00000028;2.484906673
480;0;1;1;50;high.school;12.44444487;2.521274328
481;1;0;0;23;college;18.00000075;2.890371799
482;1;0;0;39;some.college;12.99999892;2.564949274
483;0;1;1;43;some.college;18.00000075;2.890371799
484;1;0;0;41;LTHS;11.0000007;2.397895336
485;1;0;0;20;some.college;8.499999859;2.140066147
486;1;0;0;30;some.college;14.4230006;2.668824196
487;0;1;0;48;some.college;10.00000032;2.302585125
488;0;1;0;46;high.school;8.650000639;2.157559395
489;1;0;0;49;high.school;9.000000357;2.197224617
490;0;1;0;30;high.school;7.250000199;1.981001496
491;1;0;0;29;LTHS;10.03000014;2.305580616
492;0;1;1;57;LTHS;7.50000036;2.014903069
493;1;0;1;47;LTHS;10.00000032;2.302585125
494;0;1;0;19;high.school;12.00000028;2.484906673
495;1;0;1;29;LTHS;10.60000157;2.360854149
496;0;1;1;35;high.school;16.99999975;2.833213329
497;0;1;0;28;high.school;12.00000028;2.484906673
498;0;1;1;49;LTHS;8.250000655;2.11021328
499;0;1;1;43;LTHS;25.99999788;3.258096457
500;1;0;1;40;LTHS;18.499998;2.917770624
501;1;0;0;19;LTHS;8.000000046;2.079441547
502;0;1;0;36;advanced.degree;44.87166576;3.803806543
503;1;0;0;24;some.college;9.000000357;2.197224617
504;1;0;0;28;some.college;15.25000106;2.724579573
505;0;1;0;42;some.college;21.62500221;3.073850155
506;0;1;1;43;high.school;12.00000028;2.484906673
507;0;1;0;31;some.college;25.64099916;3.2441926
508;0;1;1;41;high.school;11.0000007;2.397895336
509;1;0;1;41;high.school;17.50000165;2.862200975
510;0;1;0;37;some.college;24.51900049;3.199448347
511;1;0;1;49;high.school;12.00000028;2.484906673
512;0;1;1;69;college;16.00000012;2.77258873
513;0;1;1;48;some.college;11.0000007;2.397895336
514;0;1;1;45;high.school;18.00000075;2.890371799
515;1;0;0;38;advanced.degree;21.25000024;3.056356907
516;0;1;1;50;LTHS;8.250000655;2.11021328
517;1;0;1;49;LTHS;8.250000655;2.11021328
518;0;1;0;51;LTHS;NA;NA
519;0;1;0;54;some.college;10.00000032;2.302585125
520;1;0;1;26;high.school;9.000000357;2.197224617
521;0;1;0;27;LTHS;11.0000007;2.397895336
522;0;1;1;31;high.school;NA;NA
523;1;0;1;29;LTHS;8.000000046;2.079441547
524;0;1;0;43;some.college;21.62500221;3.073850155
525;1;0;1;32;high.school;18.99999915;2.944438934
526;0;1;1;44;high.school;10.00000032;2.302585125
527;0;1;1;27;college;8.75000081;2.169053793
528;0;1;0;22;high.school;17.79999743;2.879198313
529;1;0;0;53;some.college;9.615248736;2.263350248
530;0;1;1;60;LTHS;21.59000204;3.072230339
531;0;1;1;32;high.school;10.00000032;2.302585125
532;1;0;0;52;college;38.45000205;3.649358749
533;0;1;0;58;high.school;4.651162753;1.537117243
534;0;1;0;56;some.college;14.00000096;2.639057398
535;0;1;0;24;college;19.22500099;2.956211567
536;0;1;0;24;college;19.22500099;2.956211567
537;0;1;1;47;LTHS;NA;NA
538;0;1;1;53;LTHS;13.50000078;2.602689743
539;0;1;1;23;LTHS;NA;NA
540;1;0;1;34;high.school;10.00000032;2.302585125
541;1;0;1;40;advanced.degree;10.00000032;2.302585125
542;0;1;1;46;high.school;15.49999898;2.740839958
543;1;0;1;43;high.school;14.59999888;2.681021452
544;0;1;0;19;some.college;15.00000075;2.708050251
545;0;1;0;32;some.college;18.00000075;2.890371799
546;0;1;1;43;high.school;35.00000337;3.555348158
547;1;0;0;41;some.college;20.00000068;2.995732307
548;0;1;0;44;some.college;31.2500027;3.442019463
549;0;1;0;30;high.school;15.00000075;2.708050251
550;0;1;0;52;some.college;9.000000357;2.197224617
551;1;0;0;25;high.school;9.615248736;2.263350248
552;1;0;1;38;some.college;12.00000028;2.484906673
553;1;0;0;22;some.college;14.4999987;2.67414856
554;0;1;1;35;high.school;20.00000068;2.995732307
555;0;1;1;55;LTHS;21.59000204;3.072230339
556;1;0;1;46;LTHS;8.250000655;2.11021328
557;0;1;1;61;LTHS;10.5199995;2.35327816
558;0;1;0;32;high.school;10.5199995;2.35327816
559;1;0;0;19;some.college;9.000000357;2.197224617
560;0;1;0;40;college;13.46149956;2.599833727
561;1;0;0;36;college;14.4230006;2.668824196
562;1;0;0;39;advanced.degree;22.00000144;3.091042519
563;0;1;0;40;college;23.91111342;3.174343348
564;1;0;1;22;high.school;9.099999554;2.208274364
565;1;0;1;61;some.college;10.00000032;2.302585125
566;1;0;1;31;college;19.23074968;2.956510544
567;1;0;0;22;high.school;16.99999975;2.833213329
568;0;1;1;36;some.college;21.50000155;3.068053007
569;1;0;0;33;high.school;18.75000143;2.931193829
570;0;1;1;39;LTHS;9.000000357;2.197224617
571;1;0;0;27;college;12.01900106;2.486488819
572;0;1;1;28;LTHS;8.499999859;2.140066147
573;0;1;1;34;LTHS;8.499999859;2.140066147
574;0;1;1;25;LTHS;8.499999859;2.140066147
575;0;1;1;38;LTHS;8.499999859;2.140066147
576;1;0;0;72;high.school;16.38999996;2.796671391
577;1;0;0;70;advanced.degree;38.45000205;3.649358749
578;0;1;0;32;high.school;14.4230006;2.668824196
579;1;0;1;30;high.school;12.50000073;2.525728703
580;1;0;1;33;high.school;12.67500071;2.539631605
581;1;0;1;49;LTHS;NA;NA
582;0;1;0;42;advanced.degree;38.46149944;3.649657726
583;0;1;1;50;LTHS;16.99999975;2.833213329
584;0;1;0;23;high.school;8.571428463;2.148434401
585;1;0;0;22;some.college;10.00000032;2.302585125
586;1;0;1;50;LTHS;10.14999944;2.31747365
587;0;1;1;40;high.school;17.14285696;2.841581583
588;1;0;0;53;college;22.00000144;3.091042519
589;1;0;0;17;LTHS;8.000000046;2.079441547
590;0;1;1;46;LTHS;NA;NA
591;1;0;0;38;some.college;10.00000032;2.302585125
592;0;1;1;26;advanced.degree;13.81999909;2.626116753
593;0;1;1;53;some.college;14.82000101;2.695977688
594;1;0;1;55;LTHS;13.50000078;2.602689743
595;1;0;1;24;high.school;9.000000357;2.197224617
596;0;1;1;21;high.school;12.00000028;2.484906673
597;0;1;1;65;some.college;25.0000015;3.218875885
598;1;0;1;64;college;20.00000068;2.995732307
599;0;1;1;20;high.school;8.12499952;2.094945669
600;0;1;1;46;LTHS;NA;NA
601;1;0;1;45;LTHS;10.00000032;2.302585125
602;0;1;1;38;some.college;16.99999975;2.833213329
603;0;1;1;36;high.school;24.00000061;3.178053856
604;1;0;1;50;high.school;14.40000022;2.667228222
605;0;1;1;60;high.school;NA;NA
606;0;1;0;35;advanced.degree;57.65256719;4.054434776
607;0;1;0;28;college;17.50000165;2.862200975
608;1;0;1;31;high.school;10.24999954;2.32727766
609;0;1;1;39;high.school;10.00000032;2.302585125
610;1;0;1;35;LTHS;36.99999608;3.610917807
611;0;1;1;67;LTHS;17.09999936;2.839078426
612;1;0;1;55;LTHS;11.69999911;2.459588766
613;1;0;1;37;college;16.66666737;2.813410759
614;0;1;1;34;LTHS;NA;NA
615;0;1;0;71;advanced.degree;73.16362589;4.292698383
616;1;0;1;65;some.college;24.0250018;3.17909503
617;0;1;1;47;high.school;34.3100004;3.535436869
618;0;1;0;33;high.school;28.82499837;3.36124301
619;1;0;0;63;LTHS;6.99999963;1.945910096
620;0;1;1;63;LTHS;15.00000075;2.708050251
621;0;1;1;40;LTHS;10.00000032;2.302585125
622;1;0;1;42;LTHS;8.800000326;2.174751759
623;0;1;1;80;college;35.57499894;3.571643114
624;0;1;0;19;some.college;12.50000073;2.525728703
625;0;1;0;53;some.college;NA;NA
626;1;0;1;30;LTHS;4.599999936;1.52605629
627;0;1;0;45;LTHS;NA;NA
628;0;1;0;42;some.college;24.0382486;3.179646254
629;0;1;1;38;LTHS;8.499999859;2.140066147
630;0;1;0;44;some.college;17.50000165;2.862200975
631;1;0;1;31;high.school;8.333333669;2.120263577
632;1;0;1;28;LTHS;4.599999936;1.52605629
633;0;1;1;21;high.school;11.533334;2.445241451
634;0;1;1;26;high.school;33.49999936;3.51154542
635;0;1;1;23;high.school;10.10000102;2.312535524
636;0;1;1;31;college;9.000000357;2.197224617
637;1;0;0;23;college;12.98075015;2.563467503
638;1;0;0;57;high.school;10.66000055;2.36649847
639;1;0;1;41;advanced.degree;40.00000143;3.68887949
640;1;0;1;32;LTHS;8.75000081;2.169053793
641;0;1;1;31;LTHS;11.50000016;2.44234705
642;1;0;1;43;high.school;16.00000012;2.77258873
643;0;1;1;48;college;20.00000068;2.995732307
644;0;1;1;69;college;9.499999556;2.251291752
645;0;1;1;61;college;8.250000655;2.11021328
646;0;1;1;61;high.school;9.000000357;2.197224617
647;0;1;1;53;some.college;16.01666758;2.773629904
648;1;0;0;53;some.college;48.07674947;3.872798681
649;1;0;1;38;LTHS;11.85000095;2.472327948
650;0;1;1;57;LTHS;14.59999888;2.681021452
651;0;1;1;39;LTHS;14.24999959;2.656756878
652;0;1;1;54;LTHS;8.499999859;2.140066147
653;0;1;1;27;LTHS;14.4999987;2.67414856
654;1;0;1;21;LTHS;7.50000036;2.014903069
655;0;1;1;43;high.school;12.00000028;2.484906673
656;0;1;1;50;some.college;23.00000037;3.135494232
657;1;0;1;45;some.college;18.99999915;2.944438934
658;0;1;0;19;some.college;8.499999859;2.140066147
659;1;0;0;17;LTHS;8.499999859;2.140066147
660;0;1;1;35;LTHS;8.499999859;2.140066147
661;0;1;0;37;some.college;14.80000154;2.694627285
662;1;0;1;47;LTHS;9.950000613;2.297572613
663;0;1;1;60;LTHS;10.00000032;2.302585125
664;1;0;0;60;LTHS;11.69999911;2.459588766
665;1;0;0;27;LTHS;12.00000028;2.484906673
666;0;1;1;48;LTHS;17.45000114;2.859339714
667;0;1;1;30;LTHS;10.80000034;2.379546165
668;0;1;1;30;LTHS;8.499999859;2.140066147
669;0;1;1;29;LTHS;9.249998984;2.224623442
670;0;1;1;53;LTHS;8.250000655;2.11021328
671;0;1;1;49;some.college;12.50000073;2.525728703
672;1;0;1;61;LTHS;NA;NA
673;0;1;1;61;some.college;NA;NA
674;0;1;0;25;some.college;18.72999835;2.930126429
675;0;1;1;46;high.school;16.10000081;2.778819323
676;0;1;1;37;college;16.99999975;2.833213329
677;0;1;1;37;LTHS;10.00000032;2.302585125
678;0;1;0;51;high.school;20.00000068;2.995732307
679;1;0;1;44;high.school;15.09999992;2.714694738
680;0;1;0;23;some.college;10.50000088;2.351375341
681;1;0;0;39;some.college;8.250000655;2.11021328
682;1;0;1;28;LTHS;8.250000655;2.11021328
683;0;1;1;31;LTHS;12.75000002;2.545531273
684;1;0;1;28;LTHS;8.250000655;2.11021328
685;1;0;1;53;high.school;20.00000068;2.995732307
686;0;1;1;57;LTHS;15.00000075;2.708050251
687;0;1;0;38;high.school;38.46139857;3.649655104
688;0;1;0;31;LTHS;18.00000075;2.890371799
689;1;0;0;22;advanced.degree;28.88888631;3.363456964
690;0;1;1;53;LTHS;24.00000061;3.178053856
691;0;1;0;31;high.school;40.00000143;3.68887949
692;0;1;1;42;advanced.degree;50.0000031;3.912023067
693;1;0;0;27;some.college;NA;NA
694;0;1;1;63;LTHS;8.000000046;2.079441547
695;1;0;0;61;LTHS;10.39999886;2.341805696
696;1;0;0;35;high.school;18.00000075;2.890371799
697;0;1;0;34;advanced.degree;11.52499974;2.444518566
698;0;1;1;46;high.school;NA;NA
699;0;1;1;40;LTHS;33.00000275;3.496507645
700;0;1;1;41;LTHS;33.00000275;3.496507645
701;1;0;0;49;advanced.degree;25.64099916;3.2441926
702;0;1;1;53;some.college;30.14999965;3.406184912
703;1;0;0;19;some.college;10.00000032;2.302585125
704;0;1;1;54;LTHS;22.00000144;3.091042519
705;1;0;0;30;some.college;10.50000088;2.351375341
706;1;0;0;22;some.college;10.00000032;2.302585125
707;0;1;1;30;high.school;23.00000037;3.135494232
708;1;0;1;77;high.school;12.00000028;2.484906673
709;0;1;1;70;high.school;20.00000068;2.995732307
710;1;0;1;55;some.college;15.00000075;2.708050251
711;0;1;1;43;high.school;15.00000075;2.708050251
712;1;0;1;39;LTHS;9.64000007;2.265921116
